"nanyangSiteId","siteNameZh","siteNameEn","Y","X"
"sct-kd-001","阿樂佳佛教中心","Aloka Buddhist Centre",1.3124687182,103.8824302
"sct-kd-002","阿彌陀佛佛教中心","Amitabha Buddhist Centre",1.3148358169,103.8832745
"sct-kd-003","阿難陀泰佛寺","Wat Ananda Metyarama Thai Buddhist Temple",1.278314567,103.8291827
"sct-kd-004","愛道小苑","Aidao Xiaoyuan",1.3135845954,103.9094691
"sct-kd-005","愛民宮","Aik Beng Keng",1.3471432239,103.7400396
"sct-kd-006","安濟圣王廟","Ang Chee Sia Ong Temple",1.3115820576,103.7604811
"sct-kd-007","安仁宮","An'ren Gong",1.3537461608,103.8801987
"sct-kd-008","安山廟","Ann San Temple",1.3684442755,103.8698635
"sct-kd-009","巴利萊佛堂","Palelai Buddhist Temple",1.3312340919,103.9462035
"sct-kd-010","八巃元帅殿","Pak Leng Guard Seow Tian",1.3915072948,103.7427464
"sct-kd-011","巴耶利峇聯合廟","Paya Lebar United Temple",1.3285256234,103.8910198
"sct-kd-012","半港天后宮","Kampong Tengah Thian Hou Keng",1.3891390825,103.9070585
"sct-kd-013","榜鵝聯合廟","Punggol Joint Temple",1.3922828822,103.9155122
"sct-kd-014","保安宮","Poh Ann Keng",1.3680963169,103.9278143
"sct-kd-015","保赤宮","Po Chiak Keng",1.2892911473,103.842856
"sct-kd-016","報德善堂","Poh Teck Siang Tng",1.3655899262,103.895558
"sct-kd-017","包公廟","Bao Gong Temple",1.3917369177,103.8724253
"sct-kd-018","寶光佛堂","Pao Kwan Foh TangTp",1.3518675418,103.8365527
"sct-kd-019","保生廟","Baosheng Miao",1.371625702,103.8577361
"sct-kd-020","寶興壇","Baoxing Tan",1.3346245335,103.9137776
"sct-kd-021","北辰宮","Beichen Gong",1.3136897147,103.8859907
"sct-kd-022","北海社","Pei Hai Seventh Moon Scoiety",1.331889262,103.9483321
"sct-kd-023","北蓮壇","Beilian Tan",1.2811555848,103.8272665
"sct-kd-024","北南壇","Pak Nam Temple",1.3383868804,103.9232336
"sct-kd-025","北善壇","Beishan Tan",1.3501549456,103.7003471
"sct-kd-026","本元虛靈山總道堂","Poon Guan Hui Leng Sun Chong Tao Tong",1.3402840967,103.7570984
"sct-kd-027","碧山善世壇","Bi Shan Shanshi Tan",1.4353213863,103.8013989
"sct-kd-028","碧山廟","Bishan Temple",1.3455067124,103.844077
"sct-kd-029","碧山亭福德祠","Peck San Theng Fu De Ci",1.3455067124,103.844077
"sct-kd-030","波東巴西聯合廟","Potong Pasir Joint Temples",1.3668554802,103.8619248
"sct-kd-031","蔡厝港齊天宮","Caicuogang Qitiangong",1.3631263368,103.7474185
"sct-kd-032","蔡厝港關帝廟",,1.3915072948,103.7427464
"sct-kd-033","蔡厝港聯合殿","Choa Chu Kang Lian He Temple.",1.3915072948,103.7427464
"sct-kd-034","蔡厝港聯聖宮","Chua Chu Kang Lian Sing Keng",1.3810533343,103.7536302
"sct-kd-035","蔡厝港油池村聯合廟","Choa Chu Kang Yew Tee Chun Lian He Miow",1.3917351313,103.7426251
"sct-kd-036","菜市聯合宮","Chai Chee United Temple",1.3284902515,103.919116
"sct-kd-037","禪定佛學會","Samadhi Buddhist Society",1.3107895465,103.9024536
"sct-kd-038","禪之園","Chan Zhi Yuan",1.3547110193,103.8402849
"sct-kd-039","禪宗寺","Chanzong Si",1.3111445457,103.8815529
"sct-kd-040","長天宮","Chang Tien Kong Temple",1.3655899424,103.8955581
"sct-kd-041","長秀館","Teong Siew Kuan",1.4224978836,103.8330654
"sct-kd-042","長秀威靈東山聯合廟","Teong Siew Wei Ling Dong Shan Temple",1.4224978836,103.8330654
"sct-kd-043","朝云殿","Tiow Hoon Tien",1.4433359824,103.835984
"sct-kd-044","朝雲宮","Chaoyun Gong",1.358913209,103.8927039
"sct-kd-045","陳佐勉堂","Chan Chor Min Tong Temple",1.3263478616,103.8499034
"sct-kd-046","成邦大伯公宮","Seng Pang Tua Pek Kong Keng",1.4337957971,103.8280431
"sct-kd-047",,"Cheng Teck Sian See Temple",1.3129085113,103.8815105
"sct-kd-048","城鳳聯合廟","Cheng Feng Lianhemiao",1.326332481,103.8917968
"sct-kd-049","城隍廟萬壽寺","Sheng Hong Temple Wan Shou Si",1.3209452079,103.7506633
"sct-kd-050","城隍廟楊桃園","Sheng Hong Temple",1.3209452079,103.7506633
"sct-kd-051","敕封川弓殿","Chifeng Chuan'gong Dian",1.2811973702,103.8434373
"sct-kd-052","敕封觀靈壇","Chifeng Guanling Tan",1.3595208734,103.88834
"sct-kd-053","慈忠壇","Chee Tong Temple",1.3589808079,103.8924154
"sct-kd-054","崇德善堂","Chongde Shantang",1.3312407966,103.9080091
"sct-kd-055","崇峰善堂","Chung Hong Siang Tng",1.2756857448,103.7942666
"sct-kd-056","崇福堂","ChongfuTang",1.3461686796,103.8708023
"sct-kd-057","崇文閣","Chongwen Ge",1.280841521,103.8474329
"sct-kd-058","重興祖廟","Tioh Hin Cho Temple",1.3160602194,103.9050622
"sct-kd-059","崇義廟  萬興山","Chong Ghee Temple",1.3891390825,103.9070585
"sct-kd-060","創價協會中心  芽龍","Singapore Soka Centre Geylang",1.3106915789,103.880998
"sct-kd-061","創價學會 直落布蘭雅","Telok Blangah Soka Centre",1.2706710328,103.8125205
"sct-kd-062","創價學會 裕廊西","Soka Culture Centre Jurong West",1.3478374216,103.7040948
"sct-kd-063","創價學會 巴西班讓","Soka Youth Centre (SSA)Pasir Panjang",1.2770304103,103.7909297
"sct-kd-064","創價學會  淡濱尼","Tampines Soka Centre",1.3444085233,103.9430593
"sct-kd-065","慈悲精舍","Ci Bei Jing She Buddhist Vihara",1.3093269662,103.8763855
"sct-kd-066","慈恩閣  大樹下","Ci Ern Ge",1.3339003405,103.8488548
"sct-kd-067","賜福宮大伯公聯誼會","Sze Hock Keng Tua Peh Kong Association",1.3280146586,103.8910723
"sct-kd-068","慈觀壇","Ciguan Tan",1.3264102651,103.8595552
"sct-kd-069","慈航念佛社","HE BUDDHA VOYAGE SOCIETY",1.3361677317,103.7684333
"sct-kd-070","慈濟宮圣果園","Cijigong Shengguoyuan",1.2985391627,103.851856
"sct-kd-071","慈蓮堂","Cher Lian Tong Buddhist Temple",1.378182252,103.7737066
"sct-kd-072","慈靈宮","Ciling Gong",1.3558216025,103.9498665
"sct-kd-073","慈靈聫合廟","Ciling Lianhemiao",1.4435032491,103.8358375
"sct-kd-074","慈善壇","Cishan Tan",1.3474256873,103.703602
"sct-kd-075","慈義堂","Chee Ghee Deang",1.322308927,103.7616796
"sct-kd-076","慈義堂將軍廟","Ciyitang Jiangjunmiao",1.322308927,103.7616796
"sct-kd-077","慈雲山宮","Chee Hoon Sun Kong",1.4435032491,103.8358375
"sct-kd-078","賜正宮","Sze Cheng Keng Temple",1.3326522296,103.8994284
"sct-kd-079","賜正宮石牛洞","Sze Cheng Keng Shi Niu Dong",1.3326522296,103.8994284
"sct-kd-080","新加坡慈忠廟","Singapore Chee Chung Huay",1.3310378944,103.8796728
"sct-kd-081","葱茅园九皇宫","Charn Mao Hern Kew Huang Keng",1.325753923,103.8921593
"sct-kd-082","大芭窯修德善堂","Toa Payoh Seu Teck Sean Tong",1.3384560409,103.8513776
"sct-kd-083","大悲佛教中心","Tai Pei Buddhist Centre",1.3092697226,103.8645645
"sct-kd-084","大悲院","Tai Pei Yuen Temple",1.3270833496,103.8512841
"sct-kd-085","藍投巷大伯公","Lan Tou Xiang Tua Pek Kong Temple",1.3157217662,103.8547366
"sct-kd-086","梧槽大伯公宫","Goh Cho Tua Peh Kong Temple Rochor",1.3217693577,103.8526092
"sct-kd-087","大伯公廟  龜嶼","Da Bogong Temple   Kusu Island",1.2233132787,103.859928
"sct-kd-088","烏敏島佛山亭大伯公廟","Pulau Ubin Fo Shan Teng Da Bo Gong Temple",1.404009152,103.9704213
"sct-kd-089","大伯公廟  雲南","Hoon Lam Tua Peh Kong Temple",1.3460868202,103.7509343
"sct-kd-090","大伯公壇  橋北路","North Bridge Road Tua Pek Kong",1.3056343365,103.8639093
"sct-kd-091","武吉知馬七英里大伯公宮","Bukit Timah Tua Pek Kong Temple",1.3413020213,103.7745129
"sct-kd-092","大乘禪寺","Thekchen Cho-Ling",1.344986554,103.7755546
"sct-kd-093","大覺寺","Tai Kak Seah Temple",1.3128073084,103.9126018
"sct-kd-094","大菩提學佛會","Bodhiraja Buddhist Society",1.3132925891,103.8865406
"sct-kd-095","大聖宮","Da Sheng Kong Chinese Temple",1.3285256234,103.8910198
"sct-kd-096","大士伯公宮","Tuas Pek Kong Keng",1.3449349423,103.7132942
"sct-kd-097","大樹宮","Dashu Gong",1.3178406905,103.9075955
"sct-kd-098","大願共修會","Dayuan Gongxiuhui",1.3132334202,103.8864461
"sct-kd-099","大眾學佛研究會","People's Buddhism Study Society",1.3119463397,103.8824478
"sct-kd-100","淡濱尼鳯山寺","Danbinni Fengshansi",1.3532949069,103.9355068
"sct-kd-101","淡濱尼九哩大伯公","Danbinni Jiuli Dabogong Miao",1.3558216025,103.9498665
"sct-kd-102","淡濱尼聯合宮","Tampines Chinese Temple  United Temple",1.3558216025,103.9498665
"sct-kd-103","丹霞精舍","Danxia Jingshe",1.3269662141,103.9281357
"sct-kd-104","道教新加坡青松觀","Ching Chung Taoist Association  Singapore",1.3151209838,103.8883969
"sct-kd-105","德光島天降佛堂太陽宮","Pulau Tekong Joint Temple",1.3359372488,103.9489797
"sct-kd-106","德國姑娘  拿督姑娘廟","Berlin Heiligtum  German Girl Shrine",1.4092837523,103.9501051
"sct-kd-107","德海宮","Dehai Gong",1.3312407966,103.9080091
"sct-kd-108","德教會紫新閣","Che Sen Khor Moral Uplifting Society, Singapore",1.3052304534,103.8282071
"sct-kd-109","德教會紫盈閣","Che Wein Khor Moral Uplifting Society, Singapore",1.350764007,103.7216259
"sct-kd-110","德教太和觀","Thye Hua Kwan Moral Society   Moral Home for The Disabled",1.3189894803,103.9055387
"sct-kd-111","德教太和觀  新橋路","Thye Hua Kwan Moral Society  New Bridge Road",1.2899886955,103.8492171
"sct-kd-112","帝君壇","The Kun Association",1.3144810967,103.870458
"sct-kd-113","地萬大伯公  淡濱尼","Diwan Dabogong  Tampines",1.3558216025,103.9498665
"sct-kd-114","地藏林","Dizang Lin",1.3119126113,103.8784251
"sct-kd-115","地藏行願會","Kshitigarbha Buddhist Society",1.3093189623,103.8763684
"sct-kd-116","東山廟","Dongshan Miao",1.4225035359,103.8330661
"sct-kd-117","東天宮","Tong Tien Kung Temple",1.3462970898,103.7509579
"sct-kd-118","東獄齊陰殿","Dongyu Qiyin Dian",1.3136710906,103.886899
"sct-kd-119","東岳廟","Tang Gah Beo",1.2739159269,103.827889
"sct-kd-120","斗母宮  蔡厝港","Choa Chu Kang Dou Mu Gong",1.3810533343,103.7536302
"sct-kd-121","斗母星君聖宮聯誼會","Doumu Xingjun Shenggong Lianyihui",1.3141644255,103.8826868
"sct-kd-122","斗天宮","Tao Tian Keng",1.3470047125,103.7035022
"sct-kd-123","斗天宮  聯合宮","Tao Tian Keng   United Temple",1.3470047125,103.7035022
"sct-kd-124","都城隍廟","Seng Wong Beo Temple",1.2756452958,103.8447683
"sct-kd-125","對山廟","Duishan Miao",1.3471432239,103.7400396
"sct-kd-126","恩慶寺","Ean Keng Si Buddhist Tp",1.3150138816,103.9186265
"sct-kd-127","法華寺","Fa Hua Monastery",1.3491908818,103.8793685
"sct-kd-128","法輪社","Dharna Cakra Society",1.3206153401,103.9054577
"sct-kd-129","法聖殿","Fasheng Dian",1.3135967803,103.9033614
"sct-kd-130","法施林","Fa Shi Lin Temple",1.3255399374,103.9127395
"sct-kd-131","法溪禪寺","Faxi Zen Centre   Singapore  Society",1.3152104522,103.8563895
"sct-kd-132","法陰壇","Fayin Tan",1.3460730248,103.9584322
"sct-kd-133","飛龍宮","Feilong Gong",1.4512993439,103.7954536
"sct-kd-134","飛霞精舍","Phang Pheng Mei Temple",1.3270237013,103.8522953
"sct-kd-135","風火院","Fung Huo Yuan Temple",1.3285256234,103.8910198
"sct-kd-136","鳳廓汾陽公會","Hong Kuak Hoon Yang Kong See",1.3119165755,103.88506
"sct-kd-137","鳳山宮  蔥茅園","Hong San Temple",1.3402691282,103.8969012
"sct-kd-138","鳳山寺  裕廊","Jurong Hong San See Association",1.3402840967,103.7570984
"sct-kd-139","鳳山寺  水廊頭","Hong San See Temple  Mohamed Sultan",1.2932981255,103.8408516
"sct-kd-140","鳳山寺  樟宜","Hong San Si   Changi",1.319870725,103.9104867
"sct-kd-141","鳳山壇  德惠","Hong San Tan Temple",1.4510232558,103.7953816
"sct-kd-142","風山壇飛龍宮 聯合廟","Hong Sun Tan Fei Loong Gong Combined Temple",1.4512993439,103.7954536
"sct-kd-143","鳳山堂","Fengshan Tang",1.3855669588,103.8486831
"sct-kd-144","鳳山堂進法殿全盛宮","Fengshan Tang Jinfa Dian Quansheng Gong",1.3855669588,103.8486831
"sct-kd-145","鳳圖廟","Hong Tho Bilw Temple",1.4397237662,103.7827271
"sct-kd-146","風圖廟 聯合廟","Fengtu Miao Lianhemiao",1.4397237662,103.7827271
"sct-kd-147","鳳玄宮","Fengxuan  Gong",1.326332481,103.8917968
"sct-kd-148","佛光山","Fo Guang Shan Buddiste Temple  Singapore",1.406726578,103.9055128
"sct-kd-149","佛海救世堂","Fohai Jiushi Tang",1.3152801997,103.8792087
"sct-kd-150","佛教慈濟基金會","Buddhist Tzu Chi Foundation  Singapore",1.3727072529,103.9393146
"sct-kd-151","佛教古蹟中心","Buddhist Heritage Centre",1.3216230411,103.9142954
"sct-kd-152","佛教華嚴學會","Hwa Yen Buddhist Society",1.2802489771,103.819889
"sct-kd-153","佛教會","Buddhist Union",1.3217565992,103.9146921
"sct-kd-154","佛教曼荼羅學會","BUDDHA DHAMMA MANDALA SOCIETY",1.3264039153,103.8443252
"sct-kd-155","佛教圖書館","Buddhist Library",1.3129806442,103.8837895
"sct-kd-156","佛陀佛教中心","Dhamma Duta Buddhist Centre",1.314043859,103.8794875
"sct-kd-157","佛心苑  新加坡","BUDDHIST HEART LEARNING SOCIETY",1.3273248479,103.8503839
"sct-kd-158","佛牙寺","Buddha Tooth Relic Temple",1.2813774127,103.8450184
"sct-kd-159","佛友會","Buddhist Fellowship Centre",1.3145776029,103.8855039
"sct-kd-160","佛緣林","FOO YEUN LIM",1.3375445752,103.9554719
"sct-kd-161","福安殿","Fu'an Dian",1.3558216025,103.9498665
"sct-kd-162","福安廟","Fu'an Miao",1.3474256873,103.703602
"sct-kd-163","福德祠 望海","Fook Tek Chinese Temple",1.2734732279,103.8466471
"sct-kd-164","福德祠 海唇","Hock Teck See Temple Fuk Tak Chi",1.2830332846,103.8486663
"sct-kd-165","福德祠 萬里港","Sin Choon Huat Temple",1.3265911082,103.8660994
"sct-kd-166","福德祠緑野亭公會","Fudeci Lvyeting Gonghui",1.3129961579,103.876834
"sct-kd-167","福德宮 友諾士","Fude Gong Younuoshi",1.3196212762,103.896076
"sct-kd-168","福德宮 芋峽塘","Fu Hup Thong Fook Tak Kung",1.3242232191,103.8539136
"sct-kd-169","福德堂 河水山","Hock Teck Tong Temple",1.2945169827,103.8330327
"sct-kd-170","福德堂  合樂路","Hock Teck Tong  Havelock Road",1.2897232199,103.8326862
"sct-kd-171","福發宫","Hock Huat Keng Temple",1.4433359824,103.835984
"sct-kd-172","福海禪寺","Foo Hai Ch'an Monastery",1.3179727187,103.8887782
"sct-kd-173","福慧講堂","Fuhui Jiangtang",1.3802762346,103.8961033
"sct-kd-174","福建壇","Fujian Tan",1.370678921,103.8871365
"sct-kd-175","福連宮","Fulian Gong",1.3115820576,103.7604811
"sct-kd-176","福靈宮","Hock Leng Keng Temple",1.3284902515,103.919116
"sct-kd-177","阜龍宮","Hoo Leong Keong Temple",1.3577848735,103.8406577
"sct-kd-178","福泉寺","Chwee Bee Temple",1.3355320364,103.9491944
"sct-kd-179","福善庵","Fushan An",1.3151751626,103.8851473
"sct-kd-180","福善壇","Fushan Tan",1.3139720122,103.878694
"sct-kd-181","福山亭","Hock San Teng",1.3284902515,103.919116
"sct-kd-182","福通聯合廟","Hock Thong Temple",1.3402840967,103.7570984
"sct-kd-183","福星殿","Fo Xin Dian",1.3142393703,103.870914
"sct-kd-184","福壽堂","Hock Siew Tong Temple",1.3148887035,103.8565066
"sct-kd-185","福智協會","Bliss and Wisdom Society",1.3149587189,103.8855688
"sct-kd-186","噶舉金剛乘佛教中心","Karma Choying Kukyab Ling",1.272194579,103.8062364
"sct-kd-187","加冷橋頭感天大帝廟","Kallang River Bridgehead Gan Tian Da Di Temple",1.3140640103,103.8795778
"sct-kd-188","檺林宮 宏茂橋","Kong Lim Kong Temple",1.3663086042,103.8387501
"sct-kd-189","檺林宮 勿洛北","Kuah Na Keng",1.3353622895,103.9489929
"sct-kd-190","檺林宮  歐南山","Outram Hill Ho Lim Keng Temple",1.2842512419,103.8364304
"sct-kd-191","葛岸館","Kueh Hua Kwan",1.3807689947,103.8416305
"sct-kd-192","功德林佛寺","Sattha Puchaiyaram Buddhit Temple",1.3469777826,103.7404007
"sct-kd-193","宮天大地寺","Gang Tian Da Di Temple",1.3128737996,103.8861118
"sct-kd-194","觀慈精舍","Guanci Jingshe",1.3201560445,103.9114052
"sct-kd-195","關帝廟 義順","Kwang Tee Temple",1.4347465263,103.8325663
"sct-kd-196","關帝廟 蔡厝港","Kuan Ti Temple",1.3916643229,103.7428688
"sct-kd-197","觀濟閣","Kuan Ji Ke",1.3261502601,103.9005275
"sct-kd-198","關莲壇","Guanlian Tan",1.314680534,103.8876892
"sct-kd-199","関龍殿善堂","Guanlongdian Shantang",1.3091005828,103.8766405
"sct-kd-200","觀山殿","Guanshan Dian",1.352958069,103.7239717
"sct-kd-201","關善廟","Guanshan Miao",1.278871677,103.8403009
"sct-kd-202","關善廟大貳壇","Guan Shan Temple",1.3144400023,103.882324
"sct-kd-203","關善壇","Guanshan Tan",1.3784334381,103.8880231
"sct-kd-204","觀善堂","Kwan Siang Tng Temple",1.3622174687,103.8820198
"sct-kd-205","觀圣壇","Guansheng Tan",1.3744737851,103.8541005
"sct-kd-206","關圣壇","Guansheng Tan",1.4147353562,103.8347037
"sct-kd-207","觀世壇","Guanshi Tan",1.3122508315,103.8584659
"sct-kd-208","觀音禪林","KWAN YIN CHAN LIN",1.3141708658,103.8598814
"sct-kd-209","觀音慈堂","Guanyin Citang",1.3386487671,103.8446273
"sct-kd-210","觀音佛法壇","Guanyinfofa Tan",1.3235378067,103.8691477
"sct-kd-211","觀音宮","Guanyin Gong",1.3073589665,103.8530585
"sct-kd-212","觀音救苦會 車水路","Kwan-In Welfare Society",1.2801863606,103.8425139
"sct-kd-213","觀音救苦會 惹兰友诺士","Guanyin Jiuku Hui Relanyounuoshi",1.3202753529,103.9054482
"sct-kd-214","觀音救苦會 河谷徑","Guanyin Jiuku Hui Relanyounuoshi",1.3843971666,103.9008115
"sct-kd-215","觀音廟","Guanyin Miao",1.4397237662,103.7827271
"sct-kd-216","觀音山廟","Kuan Yin Shan Temple",1.324745886,103.8113242
"sct-kd-217","觀音寺","Kwan Imm Sze",1.3156118522,103.8866569
"sct-kd-218","觀音堂 麥波申路","Kuan Yin Temple",1.3324926017,103.8852206
"sct-kd-219","觀音堂  如切","Kuan Im Tng Temple  Joo Chiat",1.3124350121,103.9010851
"sct-kd-220","觀音堂 淡美嶺路","Kuan Im Kuan Ti Kong Temple",1.3117950069,103.9011422
"sct-kd-221","觀音堂  馬里士他路","Kwang Im Tng Temple (Balestier Road)",1.3259730724,103.8463841
"sct-kd-222","觀音佛堂佛祖廟  四馬路","Kwan Im Tong Hood Che Temple",1.3009443169,103.852971
"sct-kd-223","觀音亭佛寺","Kwan Yam Theng Budh Tp",1.2918636777,103.8122068
"sct-kd-224","關云殿","Guanyun Dian",1.3916643229,103.7428688
"sct-kd-225","觀中善財壇","Guanzhong Shancai Tan",1.2752454314,103.8111066
"sct-kd-226","廣福宮","Kong Hock Keng",1.2745167984,103.8073832
"sct-kd-227","廣福宮聯合廟","Kong Hock Keng United Temple",1.2745167984,103.8073832
"sct-kd-228","廣福古廟","Guangfu Gumiao",1.3092697226,103.8645645
"sct-kd-229","廣化寺  佛教","Kwang hua Buddhist Monastery",1.3679346116,103.9297536
"sct-kd-230","廣惠肇碧山亭","Kwong Wai Siew Peck San Theng",1.3459281527,103.8448206
"sct-kd-231","廣进殿","Guang Jin Dian",1.3554610802,103.9386503
"sct-kd-232","廣林亭","Guang Lin Ting",1.363761577,103.8737845
"sct-kd-233","光明坊禪修中心","Awareness Place Meditation Centre",1.2968152592,103.8536194
"sct-kd-234","光明山普覺禪寺","Kong Meng San Phor Kark See temple",1.3604567834,103.836557
"sct-kd-235","廣明堂","Kong Beng Tong Temple Association",1.3731744208,103.8701312
"sct-kd-236","廣壽堂","Kong Siew Temple",1.4341966589,103.8415042
"sct-kd-237","桂林聯合廟","Guilin Combined Temple",1.3471432239,103.7400396
"sct-kd-238","龜嶼福山宮大伯公廟","Guiyufushan Gong Dabogong Miao",1.2239963001,103.8600825
"sct-kd-239","海唇福德祠","Haichun Fude Ci",1.2830332846,103.8486663
"sct-kd-240","海洞壇","Hai Tong Tan",1.357944644,103.950999
"sct-kd-241","海蓮壇","Hai Lian Tan",1.347525862,103.754707
"sct-kd-242","海南山天公壇","Hai Lam Sua Tee Kong Toa Temple",1.3504324493,103.8355892
"sct-kd-243","海印精舍","Sagaramudra Buddhist Hermitage",1.3209199156,103.9190145
"sct-kd-244","海印寺","Buddhist Colledge Hai Inn Temple",1.3760856476,103.7344477
"sct-kd-245","海印學佛會","Sagaramudra Buddhist Society",1.3142209691,103.8854436
"sct-kd-246","韓氏祠","Singapore  Han Clan Temple",1.3152879171,103.8456103
"sct-kd-247","漢陽大伯公","Hanyang Dabogong",1.3558216025,103.9498665
"sct-kd-248","航善宮","Hangshan Gong",1.3127663481,103.8880671
"sct-kd-249","何碧山宮","Hebishan Gong",1.4337957971,103.8280431
"sct-kd-250","合興光廟","Hup Heng Kwang Beo",1.3725343825,103.856469
"sct-kd-251","橫山廟  潘氏宗祠","Hwee San Temple",1.4437111385,103.8357477
"sct-kd-252","宏茂橋聯合廟","Ang Mo Kio United Temple",1.3663086042,103.8387501
"sct-kd-253","後池廳","Hou Chi Tin aka Pu An Gu Fo",1.3558216025,103.9498665
"sct-kd-254","斗母宮  後港","Hougang Tao Mu Temple   Jiu Huang Da Di Temple",1.3552732941,103.87878
"sct-kd-255","護國金塔寺","Golden Pagoda Buddhist Temple",1.3687147959,103.9301664
"sct-kd-256","華報善堂","Hwa Poh Siang Tng",1.4347465263,103.8325663
"sct-kd-257","華德善堂","Hua Teck Siang Tng",1.3386089464,103.8564759
"sct-kd-258","華光大帝廟","Hwa Kwang Tai Tee Temple",1.3578889711,103.8403566
"sct-kd-259","花果山福廣宮","Far Kor Sun Monkey God Temple",1.3130184561,103.8593109
"sct-kd-260","花果山平安明德宮","Hua Guo Shan Ping An Ming De Gong",1.4397237662,103.7827271
"sct-kd-261","花蓮宮","Huay Lian Keng",1.314005105,103.8829196
"sct-kd-262","華山宮  華山芭","Hua Shan Gong",1.4349675313,103.833696
"sct-kd-263","華堂府","Huatang Fu",1.3809584859,103.8415544
"sct-kd-264","華嚴禪寺","Huayan Chansi",1.3119318388,103.8865929
"sct-kd-265","華嚴佛學會","Hua Yan Buddhist Society",1.3150799964,103.8835467
"sct-kd-266","環圖廟","Huantu Miao",1.4397237662,103.7827271
"sct-kd-267","慧明講堂","Hui Ming Buddhist Society",1.3114068832,103.8839061
"sct-kd-268","慧嚴精舍","The Maharajna Vihara",1.3153364175,103.8883141
"sct-kd-269","濟德堂","Ji De Tang Temple",1.3163637177,103.8540742
"sct-kd-270","濟芳閣","Chee Hoon Kog Temple",1.3938341644,103.8902563
"sct-kd-271","集福宮","Jifu Gong",1.3809584859,103.8415544
"sct-kd-272","濟公壇","Chai Kong Temple",1.4394104222,103.7828042
"sct-kd-273","濟公堂","Chee Kong Tong",1.3120794715,103.860414
"sct-kd-274","吉龍山廟","Kiat Leng San Temple",1.364601188,103.8720287
"sct-kd-275","吉山廟","Jishan Miao",1.358809752,103.8924494
"sct-kd-276","濟善堂","Chay Sian Tong",1.3113756721,103.8606864
"sct-kd-277","積善堂","Chek Sian Tng",1.3690420619,103.8583465
"sct-kd-278","濟圣壇","Jisheng Tan",1.3865514869,103.9067414
"sct-kd-279","吉圣壇","Jisheng Tan",1.3705776578,103.8578545
"sct-kd-280","集聲宮","Jisheng Gong",1.3471432239,103.7400396
"sct-kd-281","吉星亭","Kiat Sing Ting",1.3558216025,103.9498665
"sct-kd-282","濟陽堂","Jiyang Tang",1.3558216025,103.9498665
"sct-kd-283","濟雲閣 星洲德教","Chee Hoon Kog Moral Promotion Society, Singapore",1.322091898,103.9540041
"sct-kd-284","迦馬佳育佛教中心","Karma Kagyud Budh Ctr",1.3107790578,103.8818398
"sct-kd-285","將軍廟","Chiang Chin Meow",1.322308927,103.7616796
"sct-kd-286","介穀殿","Kai Kok Tian",1.2862470248,103.8163539
"sct-kd-287","金洞府","Kim Tong Hu",1.3140623735,103.8895464
"sct-kd-288","進法殿","Jinfa Dian",1.3855669588,103.8486831
"sct-kd-289","金鳳廟","Kim Hong Temple",1.3256747979,103.8919044
"sct-kd-290","金鳳廟三寶佛光寺 聯合廟","Kim Hong Temple Lord Buddha Temple   United temple",1.3256932427,103.8919086
"sct-kd-291","金佛三寶壇","Jinfo Sanbao Tan",1.3879109632,103.7725724
"sct-kd-292","金福宮  裕廊西  總行","Jin Fu Gong Temple   Jurong West  Main",1.340793047,103.69047
"sct-kd-293","金福宮  侖仔尾大伯公","Thiam Hock Keng Temple",1.3577848735,103.8406577
"sct-kd-294","金福宮功德堂  兀蘭分行","Jin Fu Gong Temple   Woodlands  Branch  Gong De Tang",1.4541009892,103.7984589
"sct-kd-295","錦福廟","Chin Fook Meow",1.353774957,103.8818885
"sct-kd-296","金花廟","Jin Hua Temple",1.3019958739,103.8960904
"sct-kd-297","金蘭廟","Kim Lan Beo",1.282413397,103.8273304
"sct-kd-298","金龍寺","Jinlong Si",1.3386563227,103.8894002
"sct-kd-299","金門會館孚濟廟","Jinmen Huiguan Fuji Miao",1.3125500012,103.8474205
"sct-kd-300","晉平寺","Chin Pin Tze Temple",1.3353597603,103.9489977
"sct-kd-301","晉平寺善蓮山宮","Chin Pin Tze Temple",1.3353597603,103.9489977
"sct-kd-302","金全法壇","Jinquanfa Tan",1.3471432239,103.7400396
"sct-kd-303","金全法壇集聲宮","Jinquanfa Tan Jisheng Gong",1.3471432239,103.7400396
"sct-kd-304","金山寺","Kim San Tze Temple Association",1.3151165724,103.9273005
"sct-kd-305","金水館","Jin Shui Guan",1.3855669588,103.8486831
"sct-kd-306","金英堂","Jin Ying Tang",1.3663086042,103.8387501
"sct-kd-307","淨名佛學社","Cheng Beng Buddhist Societ",1.3148417783,103.8851423
"sct-kd-308","汫水港斗母宮鳳山寺","Jiazhuikang Kew Ong Yah Temple Hong San See Temple",1.4347465263,103.8325663
"sct-kd-309","韭菜芭城隍廟","Lorong Koo Chye Sheng Hong Temple",1.326332481,103.8917968
"sct-kd-310","韭菜芭城隍廟三清宮","Koo Chye Ba Seng Hong Temple San Qing Gong",1.3349764,103.94958
"sct-kd-311","九峰岩通淮廟","Jiufengyan Tonghuai Miao",1.3147306962,103.889249
"sct-kd-312","九福元帥壇","Jiufuyuanshuai Tan",1.3315525944,103.8933775
"sct-kd-313","九華山報恩寺","Poh Ern Shin Temple",1.2795352733,103.7886064
"sct-kd-314","九鯉洞","Kiew Lee Tong Temple",1.3649159745,103.8283504
"sct-kd-315","九龍宮","Chin Long Kong Temple",1.3810533343,103.7536302
"sct-kd-316","救世壇","Siang San Temple",1.4509038602,103.795626
"sct-kd-317","九天玄女宮 宏茂橋","Kiew Thian Hian Keng",1.3186771714,103.8731294
"sct-kd-318","九天玄女宮 四馬路","Jiu Tian Xuan Nv Gong Si Ma Lu",1.3004801368,103.8539136
"sct-kd-319","九條橋新芭拿督壇","Jiutiao Qiao Xinba Nadu Tan",1.3730731502,103.9300626
"sct-kd-320","九仙宮","Jiuxian Gong",1.3668020422,103.9276439
"sct-kd-321","九玄宮","Jiu Xuan Gong Society",1.314698997,103.8856018
"sct-kd-322","九陰圣天宮","Jiuyingshengtian Gong",1.344461337,103.7023152
"sct-kd-323","聚善華山宮","Chu Siang Wah Sua Temple",1.4349675313,103.833696
"sct-kd-324","聚善堂","Ju Shan Tang   Chu Siang Tong",1.4349675313,103.833696
"sct-kd-325","聚圣廟","Chu Sheng Temple",1.3809584859,103.8415544
"sct-kd-326","聚天宫","Chee Tian Keng Temple",1.3386089464,103.8564759
"sct-kd-327","覺音講堂","Jue Ying Buddhist Association",1.3269944788,103.8503274
"sct-kd-328","開福堂","Kaifu Tang",1.358809752,103.8924494
"sct-kd-329","開山廟","Kai San Temple",1.2792466507,103.8280568
"sct-kd-330","坎甘拉馬佛寺","Kancanrama Budh Temple",1.3487108461,103.879574
"sct-kd-331","孔中府","Kongzhong Fu",1.3406932266,103.6878155
"sct-kd-332","寬濟堂","Kuang Chee Tng Buddhist Ass",1.3186356391,103.8489376
"sct-kd-333","坤德觀音堂","Kunde Guanyin Tang",1.3266864655,103.8464621
"sct-kd-334",,"Kwan Sai Tuah Taoism Association",1.3158501056,103.8875948
"sct-kd-335","閬苑岩","Langyuan Yan",1.326332481,103.8917968
"sct-kd-336","雷音寺","Lei Yin Temple",1.2834039023,103.8218699
"sct-kd-337","立德傳心堂","Li Teck Chuan Cin Tang temple",1.3159215802,103.9004645
"sct-kd-338","鯉江廟","Lijiang Miao",1.315958483,103.8544173
"sct-kd-339","蓮安殿","Lianan Dian",1.4401763283,103.7932283
"sct-kd-340","蓮池閣寺","Lian Chee Kek Temple",1.3491889378,103.882222
"sct-kd-341","蓮池精舍","Lin Chee Cheng Sia Temple",1.361914268,103.8822853
"sct-kd-342","蓮峰寺","Liang Hong Sze",1.2745167984,103.8073832
"sct-kd-343","蓮關宮","Lianguan Gong",1.350959508,103.7562334
"sct-kd-344","蓮合壇","Lianhe Tan",1.3386383224,103.7591499
"sct-kd-345","蓮花宮","Lian Hua Gong Association",1.3176698897,103.8740353
"sct-kd-346","蓮花壇","Lian Huay Temple",1.3578889711,103.8403566
"sct-kd-347","蓮山雙林寺","Lianshan Shuanglin Si",1.3302520137,103.8572927
"sct-kd-348","蓮圣宮","Liansheng Gong",1.3390447978,103.855541
"sct-kd-349","蓮顯宫","Lian Xian Gong Temple",1.3119318388,103.8865929
"sct-kd-350","蓮陰殿","Lianyin Dian",1.288746037,103.8288241
"sct-kd-351","蓮音壇","Liam Yim Tham",1.3460546058,103.7426058
"sct-kd-352","臨江殿","Linjiang Dian",1.3471432239,103.7400396
"sct-kd-353","臨江殿對山廟","Linjiang Dian Duishan Miao",1.3471432239,103.7400396
"sct-kd-354","麟山亭北極宮","Leng San Teng Temple   Bei Ji Gong",1.2900624152,103.8151498
"sct-kd-355","林氏大宗祠九龍堂家族自治會","Lim See Tai Chong Soo Kiu Leong Tong",1.2749384803,103.8414224
"sct-kd-356","靈寶皇壇","Lingbaohuang Tan",1.3309442547,103.8450204
"sct-kd-357","靈慈行宮","Lingci Xinggong",1.314386582,103.8488418
"sct-kd-358","靈峰般若講堂","Leng Foong Prajna Temple",1.3254426344,103.9124115
"sct-kd-359","靈罡殿","Linggang Dian",1.2892292891,103.8091934
"sct-kd-360","靈晉宮","Ling Jing Gong  Jurong Temple",1.352958069,103.7239717
"sct-kd-361","靈蓮壇","Linglian Tan",1.3354397619,103.7049106
"sct-kd-362","靈山宮寺","Leang San King Temple",1.3616180189,103.8312438
"sct-kd-363","靈山柒陰壇","Lingshan Qiyin Tan",1.3629571364,103.8939648
"sct-kd-364","靈山寺","Ling Shan Temple",1.3106112198,103.8787076
"sct-kd-365","凌霄殿","Lingxiao Dian",1.340982698,103.891219
"sct-kd-366","靈隱寺","Leng Ern Jee temple",1.3272365664,103.8476954
"sct-kd-367","靈隱寺新加坡德教聯合總會  聯合廟","Leng Ern Jee temple The Singapore Federation of Moral Missions   United temple",1.3276102603,103.8476058
"sct-kd-368","凌雲殿","Lin Hoon Dian",1.3136897147,103.8859907
"sct-kd-369","凌雲殿北辰宫  莆田","Lin Hoon Dian",1.3136897147,103.8859907
"sct-kd-370","六巡三合廟","Liuxun Sanhemiao",1.3855669588,103.8486831
"sct-kd-371","龍德佛堂","Leng Teck Hood Yee Temple",1.3218940685,103.9139948
"sct-kd-372","龍鳳洞","Ling Hong Tong Temple",1.3460868202,103.7509343
"sct-kd-373","龍鳳洞雲南大伯公  聯合廟","Ling Hong Tong Hoon Lam Tua Pek Kong",1.3460868202,103.7509343
"sct-kd-374","龍合山宮 萬禮路","Leng Hup San Mandai Road",1.3806498434,103.7536108
"sct-kd-375","龍合山七寨廟  聯合廟","Leng Hup San Chee Chea Temple   United Temple",1.3806498434,103.7536108
"sct-kd-376","龍虎山玄靈壇","Leng Hok San Hian Leng Temple Temple",1.3175670772,103.8734208
"sct-kd-377","龍華寺","Longhua Si",1.3184219619,103.8482579
"sct-kd-378","龍華藏院","Leong Wah Si Temple",1.3184219619,103.8482579
"sct-kd-379","龍蓮花山宮","Dragon Lotus Hill Temple",1.3917357928,103.7426223
"sct-kd-380","龍南殿","Leong Nam Temple",1.3917369177,103.8724253
"sct-kd-381","龍泉廟","Long Chuen Temple",1.4359862054,103.75374
"sct-kd-382","龍泉寺","Long Quan Si Temple",1.3131408933,103.8977404
"sct-kd-383","龍泉岩","Longquan Yan",1.3809584859,103.8415544
"sct-kd-384","龍山宮","Longshan Gong",1.3616180189,103.8312438
"sct-kd-385","龍山廟","Longshan Miao",1.3688730805,103.8729191
"sct-kd-386","龍山寺","Leong San See temple",1.315364084,103.856617
"sct-kd-387","龍山堂","Long Shan Tang Temple",1.3163185932,103.8575621
"sct-kd-388","龍山亭  紅山","Longshanting Red Hill",1.2862470248,103.8163539
"sct-kd-389","龍山亭  友諾士","Longshanting Eunos",1.3196212762,103.896076
"sct-kd-390","龍山岩斗母宮","Leng San Giam Dou Mu Gong",1.3663086042,103.8387501
"sct-kd-391","龍天門慈聖宮","Longtianmen Cishenggong",1.3233224235,103.8962535
"sct-kd-392","龍霞館","Longxia Guan",1.4341966589,103.8415042
"sct-kd-393","龍顯山宮","Longxianshan Gong",1.3471432239,103.7400396
"sct-kd-394","龍須岩","Longxu Yan",1.352958069,103.7239717
"sct-kd-395","龍雲宮","Longyun Gong",1.3748232791,103.8913669
"sct-kd-396","龍鎮宮","Leng Tian Keng",1.368791762,103.8726462
"sct-kd-397","龍須岩金水館","Longxuyan Jinshuiguan",1.3855669588,103.8486831
"sct-kd-398","洛伽山莊  佛學會","Luojia Shanzhuang Foxuehui",1.2955138727,103.8390133
"sct-kd-399","洛口齊忠壇","Luokou Qizhong Tan",1.2975081033,103.7987228
"sct-kd-400","洛陽大伯公","Luoyang Dabogong",1.3558216025,103.9498665
"sct-kd-401","洛陽大伯公宮","Loyang Tua Pek Kong Temple",1.3710905557,103.9698174
"sct-kd-402","洛陽天公壇","Luoyang Tiangong Tan",1.3558216025,103.9498665
"sct-kd-403","慧嚴佛學會","Huiyan Foxuehui",1.3153364175,103.8883141
"sct-kd-404","茅山天音法壇恆佛寺","Maoshan Tianyin Fatan Hengfo Si",1.3148426819,103.8569369
"sct-kd-405","梅峰佛心禪寺","Meifeng Foxin Chansi",1.3150686526,103.8839959
"sct-kd-406","緬甸玉佛寺","Burmese Buddhist Temple",1.3284357878,103.8469392
"sct-kd-407","妙威壇","Miao Wei Tan",1.3397914882,103.7355027
"sct-kd-408","妙音覺苑","Meow Im Kok Yuen Tp",1.3458213156,103.869817
"sct-kd-409","妙音壇","Miaoyin Tan",1.2931119324,103.8037302
"sct-kd-410","閩王氏宗祠","Seh Ong Charity",1.3411235746,103.7532088
"sct-kd-411","鳴鳳壇","Meng Hong Thua",1.2876697688,103.8282029
"sct-kd-412","鳴鳳壇公廟","Mingfengtan Gongmiao",1.3771283607,103.8857608
"sct-kd-413","明光壇","Mingguang Tan",1.4038548038,103.7454925
"sct-kd-414","明願閣","Mingyuan Ge",1.3264010404,103.8886912
"sct-kd-415","木山宮","Mushan Gong",1.378186479,103.7737068
"sct-kd-416","木山聖母宮","Bak Sua Siah Boo",1.378186479,103.7737068
"sct-kd-417","拿督壇保安天德宮","Nadutan Baoan Tiande Gong",1.3672410207,103.9285585
"sct-kd-418","南安善堂","Nam Ann Siang Theon Tp",1.3486007369,103.8822527
"sct-kd-419","南大齊玄壇","Nanda Qixuan Tan",1.3467460066,103.7011598
"sct-kd-420","南島天心洞","Nandao Tianxin Dong",1.3119564011,103.8884638
"sct-kd-421","南風善堂","Nam Hong Siang Theon",1.4337957971,103.8280431
"sct-kd-422","南鳳善堂","Nam Hong Siang Theon",1.4347465263,103.8325663
"sct-kd-423","南府玄善廟","Nanfu Xuanshan Miao",1.3471695116,103.6930875
"sct-kd-424","南海飛來寺","Nan Hai Fei Lai Temple",1.3149361242,103.8835256
"sct-kd-425","南海宮","Nam Hai Kieng",1.3151209838,103.8883969
"sct-kd-426","南海觀福壇","Lam Hai Kwan Hock Tua",1.3778781323,103.7437721
"sct-kd-427","南海普陀山寺","Lam Hai Poh Toh San Temple",1.3650898439,103.8759294
"sct-kd-428","南海寺","Nan Hai Temple",1.3221496043,103.8521687
"sct-kd-429","南音壇","Nam Im Tuan Temple",1.3737521315,103.8706447
"sct-kd-430","南萊殿","Nanlai Dian",1.3792155553,103.7503994
"sct-kd-431","南山海廟","Nanshanhai Miao",1.3377076409,103.918849
"sct-kd-432","南天宮","Nantian Gong",1.3486310737,103.9402904
"sct-kd-433","南仙壇","Nanxian Tan",1.2835275516,103.82083
"sct-kd-434","南洋聖教總會","Nanyang Sacred Union",1.2944825791,103.8415413
"sct-kd-435","南洋同奉善堂","Nanyang Thong Hong Siang Thng Tp",1.393745434,103.890041
"sct-kd-436","南洋德教總會","Nanyang Moral Uplifting General Society",1.3052304534,103.8282071
"sct-kd-437","南洋德教總會紫新閣  聯合廟","Nanyang Moral Uplifting General Society Che Sen Khor Moral Uplifting Society   United Temple",1.3052304534,103.8282071
"sct-kd-438","南雲宮","Nanyun Gong",1.3131936961,103.7881922
"sct-kd-439","哪吒壇","Nezha Tan",1.3273826369,103.8667112
"sct-kd-440","哪吒行宮道教協會","Ne Zha Taoist Association",1.3119564011,103.8884638
"sct-kd-441","內觀禪修中心  新加坡","VIPASSANA MEDITATION CENTRE  SINGAPORE",1.3487175327,103.8805585
"sct-kd-442","寧瑪巴白玉佛教中心","PALYUL NYINGMA BUDDHIST ASSOCIATION",1.3133056365,103.8779739
"sct-kd-443","藏傳  寧瑪巴噶陀佛學會","NYINGMA KATHOK BUDDHIST CENTRE",1.3119450214,103.8884045
"sct-kd-444","鵬峰宮","Peng Hong Temple",1.3172234106,103.8740014
"sct-kd-445","蓬萊殿","Penglai Dian",1.4611632803,103.8114879
"sct-kd-446","蓬萊寺","Hong Lai Sze Ltd",1.3491833027,103.8872728
"sct-kd-447","霹靂壇  芽籠","Pili Tan  Geylang",1.3188245932,103.8914286
"sct-kd-448","霹靂壇  阿裕尼","Pili Tan  Aljunied",1.3194686209,103.8827514
"sct-kd-449","毗盧寺  天竺山","Bee Low See Temple   Thin Chof Sun",1.3391446332,103.7734783
"sct-kd-450","普庵宮","Puan Gong",1.4376917351,103.8060224
"sct-kd-451","普德善堂","Phoh Teck Siang Tng Temple",1.2756857448,103.7942666
"sct-kd-452","普觀堂","Pu Guan Tang Buddhist Society",1.3125425533,103.8763067
"sct-kd-453","般若念佛堂","Puat Jit Buddhist Temple",1.3933730289,103.8901014
"sct-kd-454","普濟寺","Poh Jay Buddhist Research Institue",1.3171725319,103.9111276
"sct-kd-455","普救善堂","Phoh Kiu Siang Tng Tp",1.362700363,103.8845427
"sct-kd-456","普明寺","Poh Ming Tse Temple",1.3253205293,103.8097442
"sct-kd-457","普平寺","Chin Pin Tze",1.3464231383,103.9409698
"sct-kd-458","普平寺善聯山宮","Chin Pin Tze San Lian Sun",1.3467910057,103.9407769
"sct-kd-459","菩提佛院","Pu Ti Buddhist Temple",1.3806401364,103.8963184
"sct-kd-460","菩提閣","Phou Tai Kok Tp  Mahabodhi Monastery",1.3411922381,103.7740227
"sct-kd-461","菩提蘭若","Puti Lanruo",1.3084492434,103.9130239
"sct-kd-462","菩提協會","The Bodhi Association",1.3113855466,103.8778424
"sct-kd-463","普陀寺","Poo Thor Jee Temple",1.2770667882,103.8424362
"sct-kd-464","普賢講堂","Pu Xian Buddhist Society",1.3120569208,103.8760977
"sct-kd-465","普音堂","Puyin Tang",1.3455757478,103.8509451
"sct-kd-466","普照禪寺","Pu Zhao Chan Si Temple",1.3187862505,103.908623
"sct-kd-467","普忠殿助善堂","Poh Chung Tian Chor Sian Tong",1.3319467376,103.8561498
"sct-kd-468","普照廟",,1.3148358169,103.8832745
"sct-kd-469","普忠廟","Poh Tiong Kiong Temple",1.3149407993,103.8832706
"sct-kd-470","齊保壇",,1.3343583711,103.698578
"sct-kd-471","七福宮","Chi Hock Keng Temple",1.3833340468,103.769408
"sct-kd-472","七福宮  聯合宮","Chi Hock Keng United Temple",1.3833340468,103.769408
"sct-kd-473","齊南壇","Chay Lam Dua",1.3456378877,103.693154
"sct-kd-474","齊神宮","Chee Seng Temple",1.3916643223,103.7428688
"sct-kd-475","武吉巴督齊天宮","Wujibadu Qitiangong",1.3496286645,103.746381
"sct-kd-476","齊天宮中峇魯","Qui Tian Gong Temple Tiong Bahru",1.2838326891,103.8343312
"sct-kd-477","齊天壇","Qi Tian Tan Temple",1.2812469662,103.8142448
"sct-kd-478","七星宮","Zeh Shing Keong Temple",1.3545044831,103.8344608
"sct-kd-479","齊玄壇","Qixuan Tan",1.2826467519,103.8233271
"sct-kd-480","柒陰壇","Qiyin Tan",1.3641309734,103.8930013
"sct-kd-481","七寨龍泉廟   聯合廟","Chek Chai Long Chuen Temple",1.4359862054,103.75374
"sct-kd-482","七寨廟","Chek Chai Temple",1.4359862054,103.75374
"sct-kd-483","七寨廟  林厝港阿媽宮路","Chee Chea Temple   Lim Chu Gang Ah Ma Keng Road",1.3806498434,103.7536108
"sct-kd-484","謙福律天公壇","Tian Gong Tan Temple",1.3577848735,103.8406577
"sct-kd-485","乾坤廟","Qiankun Miao",1.3196212762,103.896076
"sct-kd-486","伽陀精舍","Katho Chengsia Temple",1.3148608382,103.8872913
"sct-kd-487","清德宮","Qing De Gong Temple",1.3143314507,103.8496831
"sct-kd-488","慶德樓","Keng Teck Whay",1.3154602007,103.9020989
"sct-kd-489","清德堂","Qing De Tang Temple",1.3256990546,103.8531301
"sct-kd-490","清蓮寺","Cheng Lim See Temple",1.3361700417,103.9519758
"sct-kd-491","清涼精舍","Qingliang Jingshe",1.3161548471,103.883368
"sct-kd-492","青龍宮","Chi Leng Keng Geylang",1.3177394165,103.8806244
"sct-kd-493","清水廟東聖殿","Chin Chwee Temple",1.4523772469,103.8005281
"sct-kd-494","青雲聯合廟","Qing Yun Combined Tp",1.3529952162,103.8804597
"sct-kd-495","青雲廟","Qing Yun Temple",1.3529952162,103.8804597
"sct-kd-496","瓊山塔市關聖帝君壇","Qiongshan Tashi Guansheng Dijun Tan",1.3422748603,103.8480502
"sct-kd-497","瓊瑤教邸","Qiong Yao Jiao Di Temple   Jurong Temple",1.352958069,103.7239717
"sct-kd-498","瓊瑤仙教","Qiongyao Xianjiao",1.3123860473,103.8817889
"sct-kd-499","瓊州天后宮","Qiongzhou Tianhougong",1.2964086475,103.8559294
"sct-kd-500","全盛宮","Feng Shan Tang Jin Fa Dian Quan Sheng Gong",1.3855669588,103.8486831
"sct-kd-501","惹蘭加由聯合廟","Jalan Kayu Joint Temple",1.3917369177,103.8724253
"sct-kd-502","惹亞曼加佛寺","Jayamangal Buddhist Temple, The",1.356768004,103.8766896
"sct-kd-503","壬慈觀","Renci Guan",1.371625702,103.8577361
"sct-kd-504","日蓮宗","Nichiren Shoushu Buddhist Association",1.3147858597,103.8796688
"sct-kd-505","如是我聞","Rushi Wowen",1.3415065222,103.7727357
"sct-kd-506","如望佛學社","Ruwan Buddhist Society",1.3211064304,103.9267007
"sct-kd-507","叁安府","Sanan Fu",1.3855669588,103.8486831
"sct-kd-508","叁巴旺財神廟","Sembawang God of Wealth Temple",1.4608032166,103.8111042
"sct-kd-509","叁巴旺成邦聯合廟","Sanbawang Chengbang Lianhemiao",1.4337957971,103.8280431
"sct-kd-510","叁巴旺聯合宮","Sembawang United Temple",1.4608032166,103.8111042
"sct-kd-511","叁巴旺天后宮","Sembawang Tian Ho Keng",1.4609708906,103.8114542
"sct-kd-512","叁巴旺天雲殿財神廟","Sembawang Tian Hoon Tien   God of Wealth Temple",1.4608032166,103.8111042
"sct-kd-513","叁寶佛光寺","Lord Buddha Temple",1.3256932427,103.8919086
"sct-kd-514","叁寶佛教會","Tisarana Buddhist Association",1.310404234,103.9066324
"sct-kd-515","叁寶堂","Sanbao Tang",1.3121634862,103.9105623
"sct-kd-516","叁皇五帝","San Wang Wu Ti Religious Society",1.3432023822,103.8621117
"sct-kd-517","叁江公祠","San Jiang Gong Ci Tp",1.2815928968,103.8146044
"sct-kd-518","叁龍壇","Sanlong Tan",1.3703357368,103.8426573
"sct-kd-519","叁清宮","Sanqing Gong",1.3349764,103.94958
"sct-kd-520","叁壇白龍宮","Santan Bailong Gong",1.4318855371,103.7793232
"sct-kd-521","叁童子興壇","San Tong Zi Xing Tan",1.3346011394,103.9294452
"sct-kd-522","叁中宮","Sanzhong Gong",1.3810533343,103.7536302
"sct-kd-523","善德堂","Sian Teck Tng Vegetarian Convent",1.3032197126,103.840225
"sct-kd-524","上帝廟","Shandi Miao",1.4394104222,103.7828042
"sct-kd-525","善法殿","Shanfa Dian",1.3182373096,103.8732868
"sct-kd-526","善福堂","Shan Fook Tong Temple",1.3124222416,103.875705
"sct-kd-527","善聯山","San Lian Sun",1.346014252,103.9409852
"sct-kd-528","善蓮山宮","Shanlianshan Gong",1.3353597603,103.9489977
"sct-kd-529","善蓮堂","Shanlian Tang",1.4616841267,103.8108054
"sct-kd-530","善靈壇道教會","Shan Ling Tuah Society",1.3909053148,103.8850249
"sct-kd-531","善興壇","Shanxing Tang",1.3916643229,103.7428688
"sct-kd-532","山竹园福德祠","Shanzhuyuan Fudeci",1.3386089464,103.8564759
"sct-kd-533","上帝廟濟公壇  聯合廟","Shang Di Chai Kong Temple",1.4394104222,103.7828042
"sct-kd-534","上法公壇","Shangfa Gongtan",1.3505921391,103.7153486
"sct-kd-535","聖佛山","Shengfo Shan",1.3374208722,103.757292
"sct-kd-536","聖公宮","Shenggong Gong",1.3865514869,103.9067414
"sct-kd-537","聖君廟","Shengjun Miao",1.3748232791,103.8913669
"sct-kd-538","聖風殿","Shengfeng Dian",1.287026145,103.8068915
"sct-kd-539","聖封壇","Shengfeng Tan",1.3789791879,103.8772821
"sct-kd-540","聖佛山","Shengfu Shan",1.3378805639,103.7570845
"sct-kd-541","盛港聯合廟","Sengkang Joint Temple",1.3891390825,103.9070585
"sct-kd-542","聖家廟","Sheng Jia Temple Association",1.3922828822,103.9155122
"sct-kd-543","聖蓮宮","Shenglian Gong",1.3386760821,103.759119
"sct-kd-544","聖龍廟","Sheng Leng Temple",1.3493035188,103.7202906
"sct-kd-545","聖王宮","Shengwang Gong",1.3113489882,103.8839012
"sct-kd-546","聖旨宫","Shengzhi Gong",1.3771720895,103.7686167
"sct-kd-547","釋迦牟尼菩提迦耶寺","Sakya Muni Buddha Gaya Temple",1.3147138759,103.8569165
"sct-kd-548","释迦寺","Sakya Tenphel Ling Temple",1.3690416849,103.9591766
"sct-kd-549","石林晉山聯合宮","Cheo Lim Chin Sun Lian Hup Keng",1.3353597603,103.9489977
"sct-kd-550","實龍崗北協靈壇","Serangoon North Hiep Leng Tuan",1.3774691172,103.8755575
"sct-kd-551","石牛洞","Shi Niu Dong Temple",1.3117794873,103.8835796
"sct-kd-552","石霧洞","Cheo Bu Tong Temple",1.3353622895,103.9489929
"sct-kd-553","石竹廟  武吉巴督","Shi Zhu Miao Bukit Batok",1.3471432239,103.7400396
"sct-kd-554","石竹廟  實龍崗","Cheo Teik Temple  Serangoon",1.3645120745,103.8721674
"sct-kd-555","樹頭伯公","Shutou Bogong",1.3554610802,103.9386503
"sct-kd-556","樹頭伯公暨廣進殿  聯合殿","Shutou Bogong Ji Guangjindian Lianhedian",1.355063074,103.9380571
"sct-kd-557","雙林城隍廟","Shuang Lin Cheng Huang Tp",1.3299438041,103.856476
"sct-kd-558","雙龍山嘉應五屬義祠","Shuanglongshan Jiaying Wushu Yici",1.3057284092,103.7959381
"sct-kd-559","水池林","Shuichi Lin",1.4341966586,103.8415042
"sct-kd-560","水溝館葛岸館  聯合館","Swee Kow Kuan Kueh Hua Kwan",1.3807689947,103.8416305
"sct-kd-561","水溝館","Swee Kow Kuan",1.3807689947,103.8416305
"sct-kd-562","裕廊水溝館","Jurong Shui Gou Guan",1.352958069,103.7239717
"sct-kd-563","水溝館聖德壇","Shuigouguan Shengde Tan",1.3810533343,103.7536302
"sct-kd-564","水江廟  香友會","Chwee Kang Beo Association",1.3153004514,103.8699927
"sct-kd-565","水廊頭大伯公宮","Chwee Long Tow Tua Pek Kong Temple",1.3470047125,103.7035022
"sct-kd-566","水美宫","Hock Chuan Temple",1.3355320364,103.9491944
"sct-kd-567","水美宮福泉寺  聯合廟","Hock Chuan Chwee Bee Temple  United Temple",1.3355320364,103.9491944
"sct-kd-568","後港水尾聖娘廟","Hougang Twee Boey Teng Niang Temple",1.3655899421,103.8955581
"sct-kd-569","寅吉村水尾聖娘廟","Yan Kit Village Chinese Temple",1.3593988744,103.9684211
"sct-kd-570","順宮殿","Shungong Dian",1.3735485391,103.8381764
"sct-kd-571","順利壇","Shunli Tan",1.3233849935,103.8647883
"sct-kd-572","順龍宮","Soon Leng Temple",1.3917357928,103.7426223
"sct-kd-573","順龍廟","Soon Leng Temple",1.3917357928,103.7426223
"sct-kd-574","順山亭","Chia Hung Boo Temple",1.3277567447,103.9184542
"sct-kd-575","順山亭榕樹大伯公宮","Soon San Teng Temple",1.3234209997,103.9167256
"sct-kd-576","順天宮","Soon Thian Keing Temple",1.3147871073,103.8856984
"sct-kd-577","順西宮","Soon Say Keng",1.4341966586,103.8415042
"sct-kd-578","順西宮水池林","Shunxi Gong Shuichi Lin",1.4341966586,103.8415042
"sct-kd-579","順興古廟","Soon Hin Ko Beo Tampines",1.3558216025,103.9498665
"sct-kd-580","順興古廟","Shun Xing Gu Miao Serangoon",1.3688730805,103.8729191
"sct-kd-581","順忠壇","Shun Zhong Tan  Bedok",1.3361647141,103.9496823
"sct-kd-582","順忠壇","Shun Zhong Tan Serangoon",1.3523243969,103.8923052
"sct-kd-583",,"Si Dao Feng Jiao Temple",1.3180424267,103.8736216
"sct-kd-584","斯里蘭卡佛寺","Sri Lankaramaya Buddhist Temple",1.3273743877,103.862884
"sct-kd-585","泰山仁清宮","Tai Shan Ren Qing Gong",1.4064631901,103.7576336
"sct-kd-586","太上老君廟","Tai Shang Lao Jun Temple",1.3156438228,103.8542656
"sct-kd-587","太陽宮","Tai Yeong Kon Temple",1.2775670663,103.8288558
"sct-kd-588","湯申廟  聯合廟","Thomson Temple",1.3578889711,103.8403566
"sct-kd-589","天保堂","Tianbao Tang",1.3182383348,103.8490381
"sct-kd-590","天慈宮","Society of Love and Compassion",1.3922828822,103.9155122
"sct-kd-591","天德宮 芽垅","Tian Teck Keng Temple",1.3177662036,103.8731129
"sct-kd-592","天德宫","Tian Teck Keng Temple",1.3672410207,103.9285585
"sct-kd-593","天德圣廟","Tian De Temple",1.3655899262,103.895558
"sct-kd-594","天地殿","Tiandi Dian",1.3320791296,103.9087571
"sct-kd-595","天福殿","Tian Hock Dian",1.4433359824,103.835984
"sct-kd-596","天福宮","Thian Hock Keng",1.2810838961,103.847507
"sct-kd-597","天公廟  直落布蘭雅","Tin Kong Beo Temple  Telok Blangah Ting Kong Beo",1.271379892,103.8090144
"sct-kd-598","天公壇 振源園","Tien Kong Thun Temple",1.3542515937,103.8419776
"sct-kd-599","天公壇 昭靈宮","Tiangong Tan Zhaoling Gong",1.3493921066,103.7201217
"sct-kd-600","天公兴五雷万天主帥大玄坛","Tian Kong Heng Woo Looi Ban Tin To Suay Temple",1.3477541333,103.8825808
"sct-kd-601","金榜山亭天后會","Kampong San Teng Tien How Assn",1.3578889711,103.8403566
"sct-kd-602","汕頭社天后廟","Swatow Sia Mazu Temple",1.3141259682,103.8898497
"sct-kd-603","雲峰天后廟","Hoon Hong Tian Haw Boo",1.3669426011,103.8574843
"sct-kd-604","天降佛堂","Tian Kong Buddhist Tp",1.3359372488,103.9489797
"sct-kd-605","天君府","Tian Jun Temple",1.3922828822,103.9155122
"sct-kd-606","天空廟","Tian Kong Temple",1.3774691172,103.8755575
"sct-kd-607","天公壇","Tien Kong Thun Temple",1.3516852732,103.8439419
"sct-kd-608","天靈道堂","Thian Ling Toh Thong",1.3402840967,103.7570984
"sct-kd-609","天靈總道堂","Thian Ling Chong Toh Tong Temple",1.3186930785,103.9134155
"sct-kd-610","天龍宮","Tian Leong Keng Temple",1.3577848735,103.8406577
"sct-kd-611","天龍壇","Tien Loong Thong",1.3160058907,103.8581503
"sct-kd-612","天明順宮","Tian Ming Shun Gong",1.3432462267,103.883772
"sct-kd-613","天善堂","Then Shen Temple",1.3116188986,103.8796035
"sct-kd-614","天聖賜福聯合廟","Tien Sen Sze Hock Combined Temple",1.3281059814,103.890954
"sct-kd-615","天聖壇","Tien Sen Tua Temple Paya Leba",1.3281059814,103.890954
"sct-kd-616","天文壇","Tianwen Tan",1.3833340468,103.769408
"sct-kd-617","天顯廟","Tianxian Miao",1.4509343454,103.7954209
"sct-kd-618","天性祠","Tian Sing Sze Temple",1.3650015171,103.8557851
"sct-kd-619","天性宮","Thian Sing Keong Temple",1.3065297918,103.8534578
"sct-kd-620","天佑堂","The Thian Yew Tong Temple",1.3149494606,103.8539765
"sct-kd-621","天雲殿","Tianyun Dian",1.3810533343,103.7536302
"sct-kd-622","天祖廟","Tain Chor Temple",1.4523772469,103.8005281
"sct-kd-623","天竺山毗盧寺","Beeh Low See Buddhist Temple",1.3391446332,103.7734783
"sct-kd-624","天南堂顯源道堂","Kong Leap Thiam Lim Tua Temple",1.3126592842,103.8880874
"sct-kd-625","同德佛堂","Tong Tek Buddhist Temple",1.3235991637,103.864183
"sct-kd-626","同德善堂念心社","Thong Teck Sian Thong Lian Sin Sia Temple",1.3263594604,103.8493892
"sct-kd-627","通淮廟 南天門","Tong Whye Temple",1.3458495554,103.734573
"sct-kd-628","同敬善堂誠善社","Thong Kheng Charitable Institution",1.3147824562,103.8861337
"sct-kd-629","通妙旨靈壇","Tongmiaozhi Lingtan",1.314230663,103.8700611
"sct-kd-630","銅山宮山西夫子","Tang Suahn Kiong San Soh Hoo Chu Temple",1.2855794934,103.8205977
"sct-kd-631","同善堂  東陵","Tanglin Tong Sian Tng",1.298230319,103.8374966
"sct-kd-632","通興港  潮人","Tongxing Gang",1.3386089464,103.8564759
"sct-kd-633","托塔院","Tuo Tat Yuan Pte Ltd",1.3150399675,103.8887113
"sct-kd-634","萬佛林","Man Fatt Lam Budh Tp",1.3265866348,103.9500916
"sct-kd-635","卍佛暹喜堂","Wanfo Xianxi Tang",1.337460885,103.723845
"sct-kd-636","萬福宮","Ban Hock Temple",1.368791762,103.8726462
"sct-kd-637","萬國山忠義廟","Man Kok Sua Chong Yee Temple",1.3917369177,103.8724253
"sct-kd-638","萬禮蓮合殿","Wanli lianhe Dian",1.4509343454,103.7954209
"sct-kd-639","萬禮顯靈宮","Wanli Xianling Gong",1.4357146633,103.8433069
"sct-kd-640","萬山福德祠  土地廟","Man San Fook Tuck Chee Temple",1.3183181345,103.8780532
"sct-kd-641","萬壽山觀音堂","Ban Siew San Temple",1.2732511101,103.8117197
"sct-kd-642","萬壽山堃成堂","Kong Seng Ting Temple",1.2729733866,103.8115329
"sct-kd-643","萬天府","Wantian Fu",1.3755270597,103.8761833
"sct-kd-644","萬仙廟","Ban Sien Temple",1.2862470248,103.8163539
"sct-kd-645","王府宮","Wang Fu Gong Taoism Association",1.3523243969,103.8923052
"sct-kd-646","望海大伯公廟","Wanghai Dabogong Miao",1.2758867051,103.8459236
"sct-kd-647","旺相堂銅山","Ong Siong Tong Tong San aka",1.3277666494,103.8813381
"sct-kd-648","威靈宮","Wei Ling Keng",1.4233691381,103.8331279
"sct-kd-649","偉蘇達禪修中心","Visuddha Meditation Centre",1.3254687793,103.9491106
"sct-kd-650","韋陀法宮","Wei Tuo Fa Gong Temple",1.4084557294,103.9606162
"sct-kd-651","文殊圖書館","Manjusri Library",1.3148081748,103.8838169
"sct-kd-652","文友善堂","Boon Yew Siang Theon",1.3122701467,103.8589931
"sct-kd-653","梧槽大伯公廟","Wucao Dabogong Miao",1.3217693577,103.8526092
"sct-kd-654","呼達嘛嚴牟尼佛寺","Uttamayanmuni Buddhist Temple",1.3786370783,103.7458318
"sct-kd-655","武當山廟 兀蘭","Boo Tong San Temple",1.4523772469,103.8005281
"sct-kd-656","武當山善龍廟","Wudangshan Shanlong Miao",1.3387978051,103.7594092
"sct-kd-657","武當山真武觀","Wuluobei Fu'an Dian",1.3289608245,103.7222795
"sct-kd-658","午峰岩  午峰岩宮","Wu Hong Yan Kong Temple",1.3731744208,103.8701312
"sct-kd-659","五鳳廟","Gow Hong Temple",1.313423583,103.8878136
"sct-kd-660","五福廟","Wufu Miao",1.3917351313,103.7426251
"sct-kd-661","五合廟  大巴窑","United Five Temples of Toa Payoh",1.3386089464,103.8564759
"sct-kd-662","武吉巴督聯合宮","Bukit Batok Joint Temple",1.3462970898,103.7509579
"sct-kd-663","無極宮","Wuji Gong",1.3386089464,103.8564759
"sct-kd-664","兀蘭聯聖廟","Woodlands Lian Sheng Miao",1.4523772469,103.8005281
"sct-kd-665","五雷宮","Wu Lui Sien Sze Temple",1.3462970895,103.7509579
"sct-kd-666","勿洛北福安殿","Wuluobei Fu'an Dian",1.3295399416,103.92765
"sct-kd-667","烏敏島佛山亭大伯公廟","Wu Min Dao Fu Shan Ting Da Bo Gong Miao",1.4030192771,103.9701413
"sct-kd-668","烏敏泰佛寺","Ubin Thai Buddhist Temple",1.3917369177,103.8724253
"sct-kd-669","五聖宫","Wu Sheng Gong Society",1.3408440541,103.9415861
"sct-kd-670","五臺山佛公寺","Wu Tai Shan Buddhist Temple",1.3031438967,103.7647144
"sct-kd-671","武天寺","Bo Tien Temple",1.3312583309,103.7191864
"sct-kd-672","五顯堂","Wuxian Tang",1.3114890454,103.9044341
"sct-kd-673","西海岸福德祠","West Coast Hock Teck Si",1.3476531143,103.7215237
"sct-kd-674","西河別墅","Sai Ho Piat Su",1.3549768622,103.8785479
"sct-kd-675","西建壇","Xijian Tan",1.2912937451,103.8274764
"sct-kd-676","西蓮宮","Xilian Gong",1.3649595327,103.855197
"sct-kd-677","西龍道壇","Xilongdao Tan",1.2763368984,103.8191943
"sct-kd-678","西山宮","Xishan Gong",1.352958069,103.7239717
"sct-kd-679","西天道廟","See Thian Tao Temple",1.3401246651,103.7572436
"sct-kd-680","西天佛廟","See Thian Foh Temple",1.3401246651,103.7572436
"sct-kd-681","西天佛廟  聯合廟","See Thian Foh Temple  United Temple",1.3401246651,103.7572436
"sct-kd-682","西雲殿","Xiyun Dian",1.4455484313,103.7994045
"sct-kd-683","顯傳總道堂","Hean Thuan Chong Toh Tong Tp",1.3679900642,103.9294273
"sct-kd-684","賢當宮大伯公","Hiang Tong Keng Tua Pek Kong",1.3673754,103.9288956
"sct-kd-685","仙宮堂","Sian Keng Tong Temple ( Heng Hwa temple)",1.3171733393,103.9040639
"sct-kd-686","仙姑殿","Xiangu Dian",1.3670812405,103.9283073
"sct-kd-687","縣龍宮","Xianlong Gong",1.3493035188,103.7202906
"sct-kd-688",,"Siang San Temple Association",1.3029452352,103.8618517
"sct-kd-689","仙祖宮","Siang Cho Keong Temple",1.2799669026,103.8465227
"sct-kd-690","香蓮寺","Sim Poh Seng Temple",1.3123973209,103.9056068
"sct-kd-691","協和宮","Xiehe Gong",1.2744136002,103.8073815
"sct-kd-692","協天宮靈寶殿","Hiap Tien Keng Leng Poh Tian",1.3685158619,103.9303416
"sct-kd-693","協源山","Xieyuan Shan",1.272194579,103.8062364
"sct-kd-694","新芭大伯公","Xinba Dabogong",1.3558216025,103.9498665
"sct-kd-695","新恆山亭大伯公廟","Sin Heng San Teng Tua Pek Kong",1.3312668662,103.8257905
"sct-kd-696","新加坡德教聯合總會","The Singapore Federation of Moral Missions",1.3277218824,103.8481373
"sct-kd-697","新加坡佛教福利協會","Singapore Buddhist Welfare Services",1.3802762346,103.8961033
"sct-kd-698","新加坡佛教會","Singapore Buddhist Mission",1.3272258824,103.8669522
"sct-kd-699","新加坡佛教居士林","Singapore Buddhist Lodge",1.2945265356,103.8390288
"sct-kd-700","新加坡佛教青年弘法團  分團","Singapore Buddhist Youth Mission  Branch",1.3478924102,103.8713129
"sct-kd-701","新加坡佛教亞納協會","Singapore Buddha Yana Organisation",1.355707078,103.833952
"sct-kd-702","新加坡佛教坐禪中心","Singapore Buddhist Meditation Centre",1.3085638409,103.7614739
"sct-kd-703","新加坡佛教總會","Singapore Buddhist Federation",1.3284708663,103.9012987
"sct-kd-704","新加坡凈宗學會","Amitabha Buddhist Society  Singapore",1.3148836103,103.8887435
"sct-kd-705","新加坡三清道教會","Singapore San Ching Taoist Association",1.3119564011,103.8884638
"sct-kd-706","新加坡善靈壇道教會","Shan Ling Tuah Society",1.3909053148,103.8850249
"sct-kd-707","新加坡友禪中心","Kalyanamitta Centre  Singapore",1.3324637434,103.8699595
"sct-kd-708","新加坡中華佛教會","The Singapore Chinese Buddhist Association",1.2816532157,103.8419743
"sct-kd-709","新加坡中山海洲會館","Chung Shan Hoizou Association",1.280959009,103.8459952
"sct-kd-710","新加坡金鍛殿道教協會","Jin Duan Dian Taoist Asscoiation",1.3137206738,103.8552727
"sct-kd-711","新加坡佛教青年弘法團","Singapore Buddhist Youth Mission",1.3230087682,103.7618682
"sct-kd-712","新馬佛善財壇佛","Xinmafo Shancaitan Fo",1.435896,103.843254
"sct-kd-713","新勝壇","Xinsheng Tan",1.4341966589,103.8415042
"sct-kd-714","新興壇","Xinxing Tan",1.3382491433,103.8524819
"sct-kd-715","興安天后宮","Xing'antianhou Gong",1.3153169841,103.8875441
"sct-kd-716","興都廟","Veeramuthu Muneeswarar",1.4433359824,103.835984
"sct-kd-717","興山壇","Hien San Tuan",1.3180994225,103.8737978
"sct-kd-718","興勝宮  芽籠","Xing Sheng Gong",1.3103912359,103.8795448
"sct-kd-719","興勝宮  樟宜","Xingsheng Gong",1.3176128893,103.906372
"sct-kd-720","修本堂","Xiuben Tang",1.3133584704,103.9014745
"sct-kd-721","武吉知馬修德善堂","Bukit Timah Seu Teck Sean Tong",1.3417989452,103.7410929
"sct-kd-722","修德善堂養心社","Seu Teck Sean Tong Yiang Sin Sia",1.3330309455,103.9338072
"sct-kd-723","玄夫仙廟","Hiang Foo Siang Temple",1.3688730805,103.8729191
"sct-kd-724","玄江殿道教會","Heng Kang Tian Taoist Association",1.3273994825,103.8496072
"sct-kd-725","玄靈宮","Hiang Leng Gong Temple",1.3126933687,103.8831483
"sct-kd-726","玄山廟","Siang San Temple",1.4509038602,103.795626
"sct-kd-727","玄山廟救世壇","Siang San Temple",1.4509038602,103.795626
"sct-kd-728","玄世壇","Xuanshi Tan",1.2930849602,103.8107889
"sct-kd-729","玄武山","Xuanwu Shan",1.3404069111,103.7421285
"sct-kd-730","玄雲壇","Xuanyun Tan",1.3845422673,103.7676839
"sct-kd-731","玄雲壇道教會","Xuanyuntan Dao Jiao Hui",1.3159534594,103.8836906
"sct-kd-732","玄中壇","Xuanzhong Tan",1.3684379214,103.9575387
"sct-kd-733","芽籠芭魯善世壇","Ya Long Balushanshi Tan",1.3235378067,103.8691477
"sct-kd-734","芽籠聯合宮","Geylang United Temple",1.3196212762,103.896076
"sct-kd-735","閻羅殿","Giam Loh Tian Temple",1.3239183662,103.8655258
"sct-kd-736","楊法壇","Yangfa Tan",1.3541565772,103.8774658
"sct-kd-737","楊桃園城隍廟","Sheng Hong Temple",1.3209452079,103.7506633
"sct-kd-738","藥師行願會","Buddha of Medicine Welfare Society",1.3152567049,103.8845603
"sct-kd-739","儀福龍壇","Yifulong Tan",1.3804175981,103.7408284
"sct-kd-740",,"Eit San Tong Temple",1.3178640501,103.8735801
"sct-kd-741","義順鎮聫合廟","Yi Shun Town United Temple",1.4341966589,103.8415042
"sct-kd-742","壹伍玖濟正宮  宏茂橋","Ji Zheng Gong   Main temple at 159 AMK",1.3747989319,103.8398581
"sct-kd-743","壹伍玖濟正宮   芽龍","Ji Zheng Gong  New temple at  Geylang",1.3164218766,103.8803381
"sct-kd-744",,"Yixing Ju Temple",1.3068206995,103.8950339
"sct-kd-745","義星堂","Yixing Tang",1.4397237662,103.7827271
"sct-kd-746","儀忠府","Yizhong Fu",1.2784235702,103.8262375
"sct-kd-747","陰福殿","Yinfu Dian",1.2874498177,103.813445
"sct-kd-748","陰呂府","Yinlv Fu",1.3554639509,103.9351385
"sct-kd-749","陰善殿","Yinshan Dian",1.2871335546,103.8070005
"sct-kd-750","廕陣殿公廟","Yin Zhen Dian Temple Association",1.3133911569,103.8879578
"sct-kd-751","勇義宫","Yongyi Gong",1.3092401268,103.895193
"sct-kd-752","虞都庵","Yi Do An Chinese Temple",1.3917357928,103.7426223
"sct-kd-753","玉封九山宮六壬仙師法壇","Yufengjiushan Gong Liurenxianshifa Tan",1.3367737326,103.7543621
"sct-kd-754","玉封蓮顯宮","Yufenglianxian Gong",1.333914708,103.7000417
"sct-kd-755","玉封南府玄善廟","Yufengnanfuxuanshan Miao",1.3249693297,103.6900457
"sct-kd-756","玉封聖佛壇","Yufengshengfu Tan",1.4407176299,103.7944493
"sct-kd-757","玉封至富財帛星君廟","Yufengzhifucaibao Xing Jun Miao",1.3181774836,103.9089484
"sct-kd-758","玉海棠觀音救苦會","Jee Hai Tung Kwan Imm Welfare Society",1.3312407966,103.9080091
"sct-kd-759","玉皇殿","Yuhuang Dian",1.3474256873,103.703602
"sct-kd-760","玉皇殿 黑橋頭  天公壇","Or Kio Tow Geok Hong Tian",1.2891990004,103.8332183
"sct-kd-761","玉皇殿聯合宮","Yu Huang Combined Temple",1.3474256873,103.703602
"sct-kd-762","玉皇宮","Yuhuang Gong",1.2812522366,103.8476886
"sct-kd-763","玉皇廟","Gek Hong Temple",1.312008065,103.8845283
"sct-kd-764","玉皇至尊廟","Yu Huang Zhi Zun Tp",1.3150443654,103.8851191
"sct-kd-765","裕廊西聯合宮","Jurong West United Temple",1.352958069,103.7239717
"sct-kd-766","裕廊總宮","Jurong Combined Temple",1.352958069,103.7239717
"sct-kd-767","玉虛道教協會","Yu Xu Taoist Association  Singapore",1.3302514641,103.7515646
"sct-kd-768","圓福殿","Tan Kong Tian Temple",1.31512603,103.779326
"sct-kd-769","元龍聖廟","Guan Loong Sheng Temple",1.4341966589,103.8415042
"sct-kd-770","圓明寺","Yuanming Si",1.3181988756,103.948707
"sct-kd-771","元壽堂","Yuanshou Tang",1.4341966589,103.8415042
"sct-kd-772","粵海清廟","Yuen Hai Ching aka",1.2845672148,103.8492667
"sct-kd-773","雲德堂同心社","Yun Teck Sian Tng Thong Sin Sia",1.3132052563,103.8773816
"sct-kd-774","雲峰古廟","Hoong Hong Koon Beo",1.3725343825,103.856469
"sct-kd-775","雲峰古廟合興光廟","Hoong Hong Koon Beo & Hup Heng Kwang Beo",1.3725343825,103.856469
"sct-kd-776","雲龍寺","Hong Leng Yien Temple",1.3140154477,103.8447671
"sct-kd-777","雲山宮","Hoon San Keng Temple",1.3218237525,103.7943636
"sct-kd-778","雲霧山念佛堂","Yunwushannianfo Tang",1.2874030079,103.8420297
"sct-kd-779","雲仙宮","Hoon Sian Keng",1.3165848039,103.9009711
"sct-kd-780","藏密佛學研究會","Tibetan Buddhist Studies Society",1.3143496785,103.8814886
"sct-kd-781","薝蔔院","Chian Pok Temple",1.3158556196,103.8852714
"sct-kd-782","旃檀林","Tsan Tan Lim Temple",1.3213002874,103.9071568
"sct-kd-783","昭惠廟","Zhaohui Miao",1.3154762885,103.8576702
"sct-kd-784","昭靈廟  莆田江兜","Cheow Leng Beo   Xin Hua Temple",1.4435032491,103.8358375
"sct-kd-785","昭靈祖廟","Cheow Leng Zhu Beo",1.3139114884,103.8526345
"sct-kd-786","昭靈宮","Zhaoling Gong",1.3493035188,103.7202906
"sct-kd-787","昭應祠  瓊人","Chow Eng Chee",1.3386089464,103.8564759
"sct-kd-788","真空教複本堂","Chin Kong Religion Fook Poon Tong",1.4347465263,103.8325663
"sct-kd-789","真龍宮聯合宮","Chin Leng Keng  United Temple",1.2862470248,103.8163539
"sct-kd-790","鎮南廟","Chern Nam  Temple",1.4341966589,103.8415042
"sct-kd-791","鎮南廟廣壽堂","Chern Nam Kong Siew Temple",1.4341966589,103.8415042
"sct-kd-792","真人宮","Chin Leng Keng Chinese Temple",1.2862470248,103.8163539
"sct-kd-793","鎮山天福宮","Teng San Tian Hock Temple",1.368791762,103.8726462
"sct-kd-794","真武殿","Zhenwu Dian",1.4374076223,103.8440113
"sct-kd-795","珍珠坊神壇","People's Park Shrine",1.2841339096,103.8425195
"sct-kd-796","正華慈聖宮","Cheng Hwa Cher Siah Temple",1.378182252,103.7737066
"sct-kd-797","正覺寺","Zheng Jue Si Temple",1.3175684258,103.8813761
"sct-kd-798","正龍宮玄江殿","Chia Leng Kong Heng Kang Tian",1.2775670663,103.8288558
"sct-kd-799","知歸佛社","Tee Kwee Hood Sia Temple   Chih Kuei Fu Ser",1.3171375828,103.9383406
"sct-kd-800","志願佛教徒協會","Society Of Buddhist Volunteers",1.3239061756,103.8527989
"sct-kd-801","忠邦聯合宮","Chong Pang Combined Temple",1.4347465263,103.8325663
"sct-kd-802","中寶壇陰世府","Tiong Poh Tuang Yim Say Hu",1.3072669256,103.7611077
"sct-kd-803","忠德佛堂","Chong Tuck Tong Chinese Temple",1.3135973266,103.8833958
"sct-kd-804","眾弘善堂","Cheng Hong Siang Tng",1.325753923,103.8921593
"sct-kd-805","眾弘善堂九皇宮","Cheng Hong Siang Tng Kew Huang Keng  United Temple",1.325753923,103.8921593
"sct-kd-806","中華善堂藍十字總會","Blue Gross Charitable Institution,Singapore",1.2756857448,103.7942666
"sct-kd-807","忠龍宮","Zhonglong Gong",1.3847322385,103.7669328
"sct-kd-808","鐘頭宮","Zhongtou Gong",1.3655899421,103.8955581
"sct-kd-809","忠義殿","Zhongyi Dian",1.378186479,103.7737068
"sct-kd-810","忠義館","Zhongyi Guan",1.3731744208,103.8701312
"sct-kd-811","忠義廟  女皇鎮","Tiong Ghee Temple",1.2909310867,103.8041069
"sct-kd-812","忠義天明廟","Zhongyitianming Miao",1.3731744208,103.8701312
"sct-kd-813","主唵壇","Zhu'an Tan",1.3123066292,103.898337
"sct-kd-814","祝福寺","Buddha Vihara Society",1.3197150529,103.9054384
"sct-kd-815","竹林寺","Zhulin Si",1.3678203114,103.7497539
"sct-kd-816","朱孟迦育佛教中心","Zumang Kalyud Buddhist Ctr",1.2768831506,103.8308839
"sct-kd-817","竹雲宮","Zhuyun Gong",1.3284902515,103.919116
"sct-kd-818","竹雲壇","Zhuyun Tan",1.3787282557,103.8757975
"sct-kd-819","凖提閣","Zhunti Ge",1.2795297725,103.8413467
"sct-kd-820","準提宫","Cundhi Gong",1.3618832152,103.8383074
"sct-kd-821","自度庵","Tse Tho Aum Temple",1.2823567711,103.8455646
"sct-kd-822","紫經閣  德教會","Zi Jing Ge Moral Uplifting Society, Singapore",1.2786537704,103.8407068
"sct-kd-823","紫玄閣  德教會","Che Hian Khor Moral Uplifting Society",1.350764007,103.7216259
"sct-kd-824","紫雲開吉宮","Ziyunkaiji Gong",1.358809752,103.8924494
"sct-kd-825","祖佛海南山廟","Beo San Hood Chor Temple",1.3161420366,103.8578353
"sct-kd-826","法鼓山新加坡護法會","Dharama Drum Singapore",1.3287581687,103.8907469
"sct-kd-827","佛教曼荼羅學會","Buddha Dhamma Mandala Society",1.3264039153,103.8443252
"sct-kd-828","海印古寺","Hai Inn Temple",1.3760856476,103.7344477
"sct-kd-829","華嚴佛學會","Hua Yan Buddhist Society",1.3150799964,103.8835467
"sct-kd-830","楞嚴佛學會","Shurangama Buddhist Society",1.3141708658,103.8598814
"sct-kd-831","四念處禪修中心","Satipatthana Meditation Centre",1.2893538169,103.8275432
"sct-kd-832","新加坡佛學研究會","Singapore Buddha Sasana Society  Sakya Tenphel Ling",1.3690416849,103.9591766
"sct-kd-833","新加坡緬甸玉佛寺","Burmese Buddhist Centre",1.3284357878,103.8469392
"sct-kd-834","藏傳寧瑪巴噶陀佛學會","Nyingma Kathok Buddhist Centre",1.3119450214,103.8884045
